<?xml version="1.0" encoding="UTF-8"?><?xml-stylesheet type='text/xsl' href='_UpgradeReport_Files/UpgradeReport.xslt'?><UpgradeLog>
<Properties><Property Name="Solution" Value="WinBots">
</Property><Property Name="Solution File" Value="C:\Users\Tyson.LAPTOP2\Documents\Visual Studio 2008\Projects\WinBots\WinBots.sln">
</Property><Property Name="Date" Value="Friday, 14 March 2008">
</Property><Property Name="Time" Value="20:52 PM">
</Property></Properties><Event ErrorLevel="0" Project="WinBots" Source="WinBots.vbproj" Description="Project converted successfully">
</Event><Event ErrorLevel="3" Project="WinBots" Source="WinBots.vbproj" Description="Converted">
</Event><Event ErrorLevel="0" Project="" Source="WinBots.sln" Description="Solution converted successfully">
</Event><Event ErrorLevel="3" Project="" Source="WinBots.sln" Description="Converted">
</Event><Event ErrorLevel="0" Project="WinBots" Source="WinBots.vbproj" Description="Scan complete: Upgrade not required for project files.">
</Event></UpgradeLog>